Expression,Calculator Result,Actual Result
-2.02^80-4, 2679844260798789498961920.000000, -2.6798442607987895e+24