Expression,Calculator Result,Actual Result
tan(cot(log(3))), -2.628000, 0.5602998219131066(tan(9+log(5))), 0.281000, 2.45974862696501937^cot(tan(1)), 1.026000, 0.093725815310167log(304-35), 2.430000, 5.594711379601839